CREATE DATABASE  IF NOT EXISTS `cpsc471` /*!40100 DEFAULT CHARACTER SET utf8 */;
USE `cpsc471`;
-- MySQL dump 10.13  Distrib 5.7.9, for Win64 (x86_64)
--
-- Host: localhost    Database: cpsc471
-- ------------------------------------------------------
-- Server version	5.7.9-log

/*!40101 SET @OLD_CHARACTER_SET_CLIENT=@@CHARACTER_SET_CLIENT */;
/*!40101 SET @OLD_CHARACTER_SET_RESULTS=@@CHARACTER_SET_RESULTS */;
/*!40101 SET @OLD_COLLATION_CONNECTION=@@COLLATION_CONNECTION */;
/*!40101 SET NAMES utf8 */;
/*!40103 SET @OLD_TIME_ZONE=@@TIME_ZONE */;
/*!40103 SET TIME_ZONE='+00:00' */;
/*!40014 SET @OLD_UNIQUE_CHECKS=@@UNIQUE_CHECKS, UNIQUE_CHECKS=0 */;
/*!40014 SET @OLD_FOREIGN_KEY_CHECKS=@@FOREIGN_KEY_CHECKS, FOREIGN_KEY_CHECKS=0 */;
/*!40101 SET @OLD_SQL_MODE=@@SQL_MODE, SQL_MODE='NO_AUTO_VALUE_ON_ZERO' */;
/*!40111 SET @OLD_SQL_NOTES=@@SQL_NOTES, SQL_NOTES=0 */;

--
-- Dumping data for table `advertisement`
--

LOCK TABLES `advertisement` WRITE;
/*!40000 ALTER TABLE `advertisement` DISABLE KEYS */;
INSERT INTO `advertisement` VALUES (2,4,5),(1,4,6),(3,5,4),(4,5,6);
/*!40000 ALTER TABLE `advertisement` ENABLE KEYS */;
UNLOCK TABLES;

--
-- Dumping data for table `auditorium`
--

LOCK TABLES `auditorium` WRITE;
/*!40000 ALTER TABLE `auditorium` DISABLE KEYS */;
INSERT INTO `auditorium` VALUES (1,1,'Cinema 1','IMAX'),(1,2,'Cinema 1','REAL D 3D'),(1,3,'Cinema 1','DBOX'),(2,1,'Cinema 2','DBOX'),(2,2,'Cinema 2','REAL D 3D'),(2,3,'Cinema 2','REAL D 3D'),(3,1,'Cinema 3','DBOX'),(3,2,'Cinema 3','REAL D 3D'),(3,3,'Cinema 3','REAL D 3D'),(4,1,'Cinema 4','REAL D 3D'),(4,2,'Cinema 4','REAL D 3D'),(4,3,'Cinema 4','REAL D 3D'),(5,1,'Cinema 5','REAL D 3D'),(5,2,'Cinema 5','REAL D 3D'),(5,3,'Cinema 5','REAL D 3D'),(6,1,'Cinema 6','REAL D 3D'),(6,2,'Cinema 6','REAL D 3D'),(6,3,'Cinema 6','REAL D 3D'),(7,1,'Cinema 7','REAL D 3D'),(7,2,'Cinema 7','UltraAVX'),(7,3,'Cinema 7','REAL D 3D'),(8,1,'Cinema 8','REAL D 3D'),(8,3,'Cinema 8','UltraAVX'),(9,1,'Cinema 9','REAL D 3D'),(9,3,'Cinema 9','UltraAVX'),(10,1,'Cinema 10','REAL D 3D'),(11,1,'Cinema 11','REAL D 3D'),(12,1,'Cinema 12','UltraAVX'),(13,1,'Cinema 13','UltraAVX');
/*!40000 ALTER TABLE `auditorium` ENABLE KEYS */;
UNLOCK TABLES;

--
-- Dumping data for table `check`
--

LOCK TABLES `check` WRITE;
/*!40000 ALTER TABLE `check` DISABLE KEYS */;
INSERT INTO `check` VALUES (1,NULL,1,'08:00:00'),(11,NULL,1,'08:30:00'),(21,31,1,'09:00:00'),(31,31,1,'09:30:00'),(41,31,1,'10:00:00'),(51,51,11,'11:00:00'),(61,51,11,'11:30:00'),(71,51,11,'12:00:00'),(81,51,11,'12:30:00'),(91,31,11,'13:00:00'),(101,31,21,'14:00:00'),(111,51,21,'14:30:00'),(121,51,21,'15:00:00'),(131,51,21,'15:30:00'),(141,51,21,'16:00:00'),(151,101,31,'17:00:00'),(161,101,31,'17:30:00'),(171,101,31,'18:00:00'),(181,101,31,'18:30:00'),(191,101,31,'19:00:00'),(201,51,41,'11:00:00'),(211,51,41,'11:30:00'),(221,51,41,'12:00:00'),(231,51,41,'12:30:00'),(241,51,41,'13:00:00'),(251,41,51,'18:00:00'),(261,41,51,'18:30:00'),(271,21,51,'19:00:00'),(281,21,51,'19:30:00'),(291,21,51,'20:00:00'),(301,41,61,'16:00:00'),(311,41,61,'16:30:00'),(321,11,61,'17:00:00'),(331,11,61,'17:30:00'),(341,1,71,'10:00:00'),(351,1,71,'10:30:00'),(361,1,81,'11:00:00'),(371,41,81,'11:30:00'),(381,11,91,'19:00:00'),(391,21,91,'19:30:00'),(401,21,91,'20:00:00'),(411,21,91,'20:30:00'),(421,21,91,'21:00:00'),(431,31,101,'14:35:00'),(441,31,101,'15:05:00'),(451,71,101,'15:35:00'),(461,71,101,'16:05:00'),(1251,101,351,'14:00:00'),(1261,101,351,'14:30:00'),(1271,51,351,'15:00:00'),(1281,51,351,'15:30:00'),(1291,51,351,'16:00:00'),(1301,181,361,'14:40:00'),(1311,181,361,'15:10:00'),(1321,181,361,'15:40:00'),(1331,181,361,'16:10:00'),(1341,181,361,'16:40:00'),(1351,71,371,'15:15:00'),(1361,71,371,'15:45:00'),(1371,51,371,'16:15:00'),(1381,51,371,'16:45:00'),(1391,201,381,'17:00:00'),(1401,201,381,'17:30:00'),(1411,201,381,'18:00:00'),(1421,201,381,'18:30:00'),(1431,201,391,'17:00:00'),(1441,201,391,'17:30:00'),(1451,201,391,'18:00:00'),(1461,201,391,'18:30:00'),(1471,201,391,'19:00:00'),(1481,201,401,'14:00:00'),(1491,201,401,'14:30:00'),(1501,201,401,'15:00:00'),(1511,201,401,'15:30:00'),(1521,201,401,'16:00:00'),(1531,161,411,'14:40:00'),(1541,161,411,'15:10:00'),(1551,161,411,'15:40:00'),(1561,161,411,'16:10:00'),(1571,181,421,'18:00:00'),(1581,181,421,'18:30:00'),(1591,181,421,'19:00:00'),(1601,181,421,'19:30:00'),(1611,181,421,'20:00:00'),(1621,181,431,'16:45:00'),(1631,181,431,'17:15:00'),(1641,71,441,'15:12:00'),(1651,71,441,'15:42:00'),(1661,51,441,'16:12:00'),(1671,51,441,'16:42:00'),(1681,51,441,'17:12:00'),(1691,211,451,'07:15:00'),(1701,NULL,451,'07:45:00'),(1711,NULL,451,'08:15:00'),(1721,NULL,461,'21:41:00'),(1731,NULL,461,'22:11:00'),(1741,NULL,461,'22:41:00'),(1751,NULL,461,'23:11:00'),(1761,NULL,461,'23:41:00');
/*!40000 ALTER TABLE `check` ENABLE KEYS */;
UNLOCK TABLES;

--
-- Dumping data for table `employee`
--

LOCK TABLES `employee` WRITE;
/*!40000 ALTER TABLE `employee` DISABLE KEYS */;
INSERT INTO `employee` VALUES (59285,'Cole','Erik','Towstego','(403) 512-5776','2015-11-23',1),(59286,'Aaron','Henry','Jess','(403) 577-1709','2015-11-24',1),(59287,'Tony',NULL,'Bi','(778) 929-6616','2014-05-13',2),(59288,'Jessica',NULL,'Huynh','(403) 383-3508','2015-11-29',3),(59291,'Mitchell',NULL,'Holt','(403) 660-0031','2015-11-24',1),(59301,'Michael',NULL,'Richard','(403) 852-2186','2015-11-24',1),(59302,'Jan',NULL,'Ong','(403) 660-9024','2015-11-24',1),(59321,'James',NULL,'Cossar','(587) 437-2588','2015-12-02',1),(59331,'Tom',NULL,'Johnson','(403) 867-5309','2015-12-04',2),(59341,'Dora',NULL,'Explorer','(587) 123-4567','2015-12-03',3),(59351,'Bob',NULL,'Doe','(403) 599-9999','2015-12-04',1);
/*!40000 ALTER TABLE `employee` ENABLE KEYS */;
UNLOCK TABLES;

--
-- Dumping data for table `manager`
--

LOCK TABLES `manager` WRITE;
/*!40000 ALTER TABLE `manager` DISABLE KEYS */;
INSERT INTO `manager` VALUES (59285,'guest'),(59287,'12345'),(59288,'temp'),(59302,'password');
/*!40000 ALTER TABLE `manager` ENABLE KEYS */;
UNLOCK TABLES;

--
-- Dumping data for table `movie`
--

LOCK TABLES `movie` WRITE;
/*!40000 ALTER TABLE `movie` DISABLE KEYS */;
INSERT INTO `movie` VALUES (1,'Master of Disguise',2002,'PG',80),(2,'Monty Python and the Holy Grail',1975,'PG',91),(3,'Doctor Horrible\'s Sing-Along Blog',2008,'PG',42),(4,'Spectre',2015,'PG-13',148),(5,'The Hunger Games: Mockingjay - Part 2',2015,'PG-13',136),(6,'The Martian',2015,'PG-13',141),(11,'Krampus',2015,'PG-13',98);
/*!40000 ALTER TABLE `movie` ENABLE KEYS */;
UNLOCK TABLES;

--
-- Dumping data for table `schedule`
--

LOCK TABLES `schedule` WRITE;
/*!40000 ALTER TABLE `schedule` DISABLE KEYS */;
INSERT INTO `schedule` VALUES (1,59285,'2015-12-03','09:00:00','17:30:00',59285),(11,59291,'2015-12-03','11:00:00','19:30:00',59285),(21,59302,'2015-12-03','14:00:00','22:30:00',59285),(31,59285,'2015-12-04','09:00:00','17:30:00',59285),(41,59286,'2015-12-03','11:00:00','19:30:00',59285),(51,59286,'2015-12-04','11:00:00','19:30:00',59285),(61,59286,'2015-12-05','09:00:00','17:30:00',59285),(71,59301,'2015-12-04','14:00:00','22:30:00',59285),(81,59301,'2015-12-05','11:00:00','19:30:00',59285),(91,59302,'2015-12-05','14:00:00','22:30:00',59285),(101,59321,'2015-12-04','14:00:00','22:30:00',59285),(111,59321,'2015-12-05','14:00:00','22:30:00',59285),(121,59285,'2015-12-02','09:00:00','17:30:00',59302),(131,59302,'2015-12-02','11:00:00','19:30:00',59302),(141,59321,'2015-12-02','11:00:00','19:30:00',59302),(151,59301,'2015-12-02','14:00:00','22:30:00',59302),(161,59287,'2015-12-04','09:00:00','17:30:00',59287),(171,59331,'2015-12-04','14:00:00','22:30:00',59287),(181,59341,'2015-12-04','12:00:00','20:00:00',59288),(191,59288,'2015-12-04','15:00:00','21:00:00',59288),(201,59351,'2015-12-04','14:00:00','22:00:00',59285),(211,59288,'2015-12-06','05:00:00','12:00:00',59288),(221,59291,'2015-12-06','14:00:00','22:00:00',59285);
/*!40000 ALTER TABLE `schedule` ENABLE KEYS */;
UNLOCK TABLES;

--
-- Dumping data for table `showtime`
--

LOCK TABLES `showtime` WRITE;
/*!40000 ALTER TABLE `showtime` DISABLE KEYS */;
INSERT INTO `showtime` VALUES (1,5,'2015-12-04','08:00:00',4,1),(11,5,'2015-12-04','11:00:00',4,1),(21,5,'2015-12-04','14:00:00',1,1),(31,4,'2015-12-04','17:00:00',4,1),(41,4,'2015-12-04','11:00:00',1,1),(51,4,'2015-12-03','18:00:00',13,1),(61,2,'2015-12-03','16:00:00',13,1),(71,3,'2015-12-03','10:00:00',2,1),(81,3,'2015-12-03','11:00:00',2,1),(91,6,'2015-12-03','19:00:00',10,1),(101,11,'2015-12-04','14:35:00',3,1),(351,6,'2015-12-04','14:00:00',4,1),(361,6,'2015-12-04','14:40:00',1,3),(371,2,'2015-12-04','15:15:00',9,1),(381,11,'2015-12-04','17:00:00',1,1),(391,6,'2015-12-04','17:00:00',12,1),(401,4,'2015-12-04','14:00:00',12,1),(411,11,'2015-12-04','14:40:00',7,2),(421,4,'2015-12-04','18:00:00',7,3),(431,3,'2015-12-04','16:45:00',4,3),(441,5,'2015-12-04','15:12:00',13,1),(451,1,'2015-12-06','07:15:00',1,3),(461,6,'2015-12-06','21:41:00',7,1);
/*!40000 ALTER TABLE `showtime` ENABLE KEYS */;
UNLOCK TABLES;

--
-- Dumping data for table `theater`
--

LOCK TABLES `theater` WRITE;
/*!40000 ALTER TABLE `theater` DISABLE KEYS */;
INSERT INTO `theater` VALUES (1,'6455 Macleod Trail SW, Calgary, AB','(403) 212-8994'),(2,'165 Stewart Green SW, Calgary, AB','(403) 246-5291'),(3,'#400, 2555-32nd Street NE, Calgary, AB','(403) 717-1200');
/*!40000 ALTER TABLE `theater` ENABLE KEYS */;
UNLOCK TABLES;
/*!40103 SET TIME_ZONE=@OLD_TIME_ZONE */;

/*!40101 SET SQL_MODE=@OLD_SQL_MODE */;
/*!40014 SET FOREIGN_KEY_CHECKS=@OLD_FOREIGN_KEY_CHECKS */;
/*!40014 SET UNIQUE_CHECKS=@OLD_UNIQUE_CHECKS */;
/*!40101 SET CHARACTER_SET_CLIENT=@OLD_CHARACTER_SET_CLIENT */;
/*!40101 SET CHARACTER_SET_RESULTS=@OLD_CHARACTER_SET_RESULTS */;
/*!40101 SET COLLATION_CONNECTION=@OLD_COLLATION_CONNECTION */;
/*!40111 SET SQL_NOTES=@OLD_SQL_NOTES */;

-- Dump completed on 2015-12-08 23:08:04
